{"0":{"Dates":"2017-01","Robbery":1075,"Assault":1373,"Sexual Assault":154,"max_temp":32.1949709677,"min_temp":27.7893258065,"winds":4.0188172043,"Crashes":8670,"Total Visitors":668436},"1":{"Dates":"2017-02","Robbery":787,"Assault":1295,"Sexual Assault":124,"max_temp":39.1881880859,"min_temp":35.3337238002,"winds":4.34375,"Crashes":8274,"Total Visitors":629435},"2":{"Dates":"2017-03","Robbery":783,"Assault":1486,"Sexual Assault":105,"max_temp":42.042916129,"min_temp":36.3646903226,"winds":4.9556451613,"Crashes":10220,"Total Visitors":727423},"3":{"Dates":"2017-04","Robbery":851,"Assault":1638,"Sexual Assault":146,"max_temp":57.387495,"min_temp":50.449995,"winds":4.5861111111,"Crashes":10114,"Total Visitors":688882},"4":{"Dates":"2017-05","Robbery":903,"Assault":1853,"Sexual Assault":133,"max_temp":61.430483871,"min_temp":54.6248387097,"winds":4.4193548387,"Crashes":11727,"Total Visitors":781547},"5":{"Dates":"2017-06","Robbery":981,"Assault":1857,"Sexual Assault":117,"max_temp":75.287205,"min_temp":68.749705,"winds":3.8222222222,"Crashes":12561,"Total Visitors":781547},"6":{"Dates":"2017-07","Robbery":1004,"Assault":1821,"Sexual Assault":162,"max_temp":77.2877653226,"min_temp":70.7700233871,"winds":3.0255376344,"Crashes":13789,"Total Visitors":981783},"7":{"Dates":"2017-08","Robbery":1174,"Assault":1739,"Sexual Assault":159,"max_temp":73.3670870968,"min_temp":66.9775709677,"winds":2.9556451613,"Crashes":15625,"Total Visitors":858367},"8":{"Dates":"2017-09","Robbery":1002,"Assault":1786,"Sexual Assault":145,"max_temp":71.591780625,"min_temp":64.229280625,"winds":3.1347222222,"Crashes":18485,"Total Visitors":696164},"9":{"Dates":"2017-10","Robbery":1119,"Assault":1628,"Sexual Assault":148,"max_temp":59.9367185484,"min_temp":54.8052669355,"winds":3.936827957,"Crashes":20385,"Total Visitors":737518},"10":{"Dates":"2017-11","Robbery":1128,"Assault":1454,"Sexual Assault":123,"max_temp":43.29894875,"min_temp":37.62894875,"winds":3.9638888889,"Crashes":19329,"Total Visitors":663545},"11":{"Dates":"2017-12","Robbery":1072,"Assault":1374,"Sexual Assault":119,"max_temp":30.4526181452,"min_temp":24.9292310484,"winds":4.2244623656,"Crashes":20547,"Total Visitors":586933},"12":{"Dates":"2018-01","Robbery":898,"Assault":1416,"Sexual Assault":111,"max_temp":27.8734480537,"min_temp":21.6374748993,"winds":4.5543624161,"Crashes":19259,"Total Visitors":628850},"13":{"Dates":"2018-02","Robbery":636,"Assault":1355,"Sexual Assault":113,"max_temp":32.70125,"min_temp":25.9485714286,"winds":3.9955357143,"Crashes":17423,"Total Visitors":588219},"14":{"Dates":"2018-03","Robbery":738,"Assault":1618,"Sexual Assault":116,"max_temp":39.2461662046,"min_temp":33.5969726562,"winds":4.0241935484,"Crashes":18777,"Total Visitors":792718},"15":{"Dates":"2018-04","Robbery":693,"Assault":1641,"Sexual Assault":118,"max_temp":44.490575,"min_temp":37.758075,"winds":3.9833333333,"Crashes":19548,"Total Visitors":715800},"16":{"Dates":"2018-05","Robbery":802,"Assault":2036,"Sexual Assault":149,"max_temp":69.7302959677,"min_temp":61.4851346774,"winds":3.0430107527,"Crashes":21614,"Total Visitors":681893},"17":{"Dates":"2018-06","Robbery":858,"Assault":1878,"Sexual Assault":150,"max_temp":75.0117,"min_temp":67.6617,"winds":3.1388888889,"Crashes":21467,"Total Visitors":719255},"18":{"Dates":"2018-07","Robbery":876,"Assault":1943,"Sexual Assault":152,"max_temp":78.334516129,"min_temp":71.5433870968,"winds":2.8602150538,"Crashes":20765,"Total Visitors":752548},"19":{"Dates":"2018-08","Robbery":942,"Assault":1849,"Sexual Assault":152,"max_temp":78.2206364919,"min_temp":71.6409590726,"winds":2.9206989247,"Crashes":20518,"Total Visitors":794686},"20":{"Dates":"2018-09","Robbery":768,"Assault":1814,"Sexual Assault":155,"max_temp":71.88075,"min_temp":65.24675,"winds":3.3472222222,"Crashes":19874,"Total Visitors":700404},"21":{"Dates":"2018-10","Robbery":837,"Assault":1716,"Sexual Assault":146,"max_temp":55.5253225806,"min_temp":49.5623387097,"winds":3.5927419355,"Crashes":20756,"Total Visitors":804583},"22":{"Dates":"2018-11","Robbery":787,"Assault":1542,"Sexual Assault":140,"max_temp":37.6119241406,"min_temp":32.8546741406,"winds":3.8402777778,"Crashes":18816,"Total Visitors":709926},"23":{"Dates":"2018-12","Robbery":845,"Assault":1590,"Sexual Assault":130,"max_temp":35.9256227462,"min_temp":30.6212399835,"winds":3.9112343967,"Crashes":20020,"Total Visitors":572282}}